v1_68_rule,status,candidate_id,evidence_ids,source_accounts,source_files,source_file_sha256_prefix,confirmation,model_rule_ref_phase6
Lot Formula (floor ladder),VERIFIED,MC-001,E012 E028,335504856;391629843;411173797;440192945,ReportHistory-{acct}.xlsx (4),B2BD8004E670;C8888D7BAC1E;417F73981035;DA61F581A51C,PROJECT_OWNER 2026-09-24,PENDING-PHASE-6
Base Lot = 0.10,VERIFIED,MC-008,E015,335504856;391629843;411173797;440192945,ReportHistory-{acct}.xlsx (4),B2BD8004E670;C8888D7BAC1E;417F73981035;DA61F581A51C,PROJECT_OWNER 2026-09-24,PENDING-PHASE-6
Grid Spacing ~= 5 USD,VERIFIED,MC-002,E013,335504856;391629843;411173797;440192945,ReportHistory-{acct}.xlsx (4),B2BD8004E670;C8888D7BAC1E;417F73981035;DA61F581A51C,PROJECT_OWNER 2026-09-24,PENDING-PHASE-6
Grid Direction (BUY down / SELL up),VERIFIED,MC-003,E014,335504856;391629843;411173797;440192945,ReportHistory-{acct}.xlsx (4),B2BD8004E670;C8888D7BAC1E;417F73981035;DA61F581A51C,PROJECT_OWNER 2026-09-24,PENDING-PHASE-6
Both-Sides Initial Exposure,VERIFIED,MC-004,E015,335504856;391629843;411173797;440192945,ReportHistory-{acct}.xlsx (4),B2BD8004E670;C8888D7BAC1E;417F73981035;DA61F581A51C,PROJECT_OWNER 2026-09-24,PENDING-PHASE-6
Contract Size GOLDmicro = 1.0,VERIFIED,-(owner),E019,335504856;391629843;411173797;440192945,ReportHistory-{acct}.xlsx (4),B2BD8004E670;C8888D7BAC1E;417F73981035;DA61F581A51C,PROJECT_OWNER 2026-09-24,PENDING-PHASE-6
Partial Close EXISTS (deal-level),VERIFIED,MC-009,E025,335504856;391629843;411173797;440192945,ReportHistory-{acct}.xlsx (4),B2BD8004E670;C8888D7BAC1E;417F73981035;DA61F581A51C,PROJECT_OWNER 2026-09-24,PENDING-PHASE-6
Grid Trigger Semantics,PARTIAL,-(rule),E026,335504856;391629843;411173797;440192945,ReportHistory-{acct}.xlsx (4),B2BD8004E670;C8888D7BAC1E;417F73981035;DA61F581A51C,-,PENDING-PHASE-6
Basket Trigger Semantics,PARTIAL,MC-006,E016 E027,335504856;391629843;411173797;440192945,ReportHistory-{acct}.xlsx (4),B2BD8004E670;C8888D7BAC1E;417F73981035;DA61F581A51C,-,PENDING-PHASE-6
Partial Trigger,UNKNOWN,-(rule),E025,335504856;391629843;411173797;440192945,ReportHistory-{acct}.xlsx (4),B2BD8004E670;C8888D7BAC1E;417F73981035;DA61F581A51C,-,PENDING-PHASE-6
Partial Volume Rule,UNKNOWN,-(rule),E025,335504856;391629843;411173797;440192945,ReportHistory-{acct}.xlsx (4),B2BD8004E670;C8888D7BAC1E;417F73981035;DA61F581A51C,-,PENDING-PHASE-6
Partial Level Rule,PARTIAL,MC-009,E025,335504856;391629843;411173797;440192945,ReportHistory-{acct}.xlsx (4),B2BD8004E670;C8888D7BAC1E;417F73981035;DA61F581A51C,-,PENDING-PHASE-6
Normal Resume (<=2s),VERIFIED,MC-007,E018,335504856;391629843;411173797;440192945,ReportHistory-{acct}.xlsx (4),B2BD8004E670;C8888D7BAC1E;417F73981035;DA61F581A51C,PROJECT_OWNER 2026-09-24,PENDING-PHASE-6
Emergency Mechanism,UNKNOWN,-(rule),E021,335504856;391629843;411173797;440192945,ReportHistory-{acct}.xlsx (4),B2BD8004E670;C8888D7BAC1E;417F73981035;DA61F581A51C,-,PENDING-PHASE-6
Restart Recovery,UNKNOWN,-(rule),E022,335504856;391629843;411173797;440192945,ReportHistory-{acct}.xlsx (4),B2BD8004E670;C8888D7BAC1E;417F73981035;DA61F581A51C,-,PENDING-PHASE-6
AccumulatorTargetUSD = 1.68 (per basket),REJECTED,MC-006,E027,335504856;391629843;411173797;440192945,ReportHistory-{acct}.xlsx (4),B2BD8004E670;C8888D7BAC1E;417F73981035;DA61F581A51C,PROJECT_OWNER 2026-09-24,PENDING-PHASE-6
