event_id,timestamp,account,symbol,cycle_id,basket_id,position_id,event_type,state_before,state_after,side,lot,price,level,reason,rule_id,model_version,evidence_ref,execution_mode,trace_id,hypothesis_id
E00000001,2026-09-25T01:49:30.218,SIM,GOLDmicro,SIM|GOLDmicro|C000001,SIM|GOLDmicro|C000001|B,,CYCLE_OPEN,WAITING_FOR_ENTRY,BOTH_SIDES_ACTIVE,,0.0,0.0,0,,R-BOTH-SIDES,V1.68-EVIDENCE-MODEL-v1.0,E015,PAPER,T00000001,
E00000002,2026-09-25T01:49:30.218,SIM,GOLDmicro,SIM|GOLDmicro|C000001,SIM|GOLDmicro|C000001|B,P000001,ENTRY,BOTH_SIDES_ACTIVE,BOTH_SIDES_ACTIVE,BUY,0.1,4399.99,1,,R-BASE-LOT,V1.68-EVIDENCE-MODEL-v1.0,,PAPER,T00000001,
E00000003,2026-09-25T01:49:30.218,SIM,GOLDmicro,SIM|GOLDmicro|C000001,SIM|GOLDmicro|C000001|B,P000002,ENTRY,BOTH_SIDES_ACTIVE,BOTH_SIDES_ACTIVE,SELL,0.1,4399.49,1,,R-BASE-LOT,V1.68-EVIDENCE-MODEL-v1.0,,PAPER,T00000001,
E00000004,2026-09-25T01:49:30.219,SIM,GOLDmicro,SIM|GOLDmicro|C000001,SIM|GOLDmicro|C000001|B,P000003,GRID_ADD,GRID_ACTIVE,GRID_ACTIVE,SELL,0.11,4405.64,2,,R-GRID-DIRECTION,V1.68-EVIDENCE-MODEL-v1.0,,PAPER,T00000008,H_PREV_ENTRY
E00000005,2026-09-25T01:49:30.219,SIM,GOLDmicro,SIM|GOLDmicro|C000001,SIM|GOLDmicro|C000001|B,P000004,GRID_ADD,GRID_ACTIVE,GRID_ACTIVE,SELL,0.12,4411.57,3,,R-GRID-DIRECTION,V1.68-EVIDENCE-MODEL-v1.0,,PAPER,T00000012,H_PREV_ENTRY
E00000006,2026-09-25T01:49:30.219,SIM,GOLDmicro,SIM|GOLDmicro|C000001,SIM|GOLDmicro|C000001|B,P000005,GRID_ADD,GRID_ACTIVE,GRID_ACTIVE,SELL,0.13,4416.8,4,,R-GRID-DIRECTION,V1.68-EVIDENCE-MODEL-v1.0,,PAPER,T00000017,H_PREV_ENTRY
E00000007,2026-09-25T01:49:30.220,SIM,GOLDmicro,SIM|GOLDmicro|C000001,SIM|GOLDmicro|C000001|B,P000001,BASKET_CLOSE,CLOSING,CLOSING,BUY,0.1,4408.67,0,pl +0.87,R-BASKET-TRIGGER,V1.68-EVIDENCE-MODEL-v1.0,,PAPER,T00000029,H_GROSS_1_00
E00000008,2026-09-25T01:49:30.220,SIM,GOLDmicro,SIM|GOLDmicro|C000001,SIM|GOLDmicro|C000001|B,P000002,BASKET_CLOSE,CLOSING,CLOSING,SELL,0.1,4409.17,0,pl -0.97,R-BASKET-TRIGGER,V1.68-EVIDENCE-MODEL-v1.0,,PAPER,T00000029,H_GROSS_1_00
E00000009,2026-09-25T01:49:30.220,SIM,GOLDmicro,SIM|GOLDmicro|C000001,SIM|GOLDmicro|C000001|B,P000003,BASKET_CLOSE,CLOSING,CLOSING,SELL,0.11,4409.17,0,pl -0.39,R-BASKET-TRIGGER,V1.68-EVIDENCE-MODEL-v1.0,,PAPER,T00000029,H_GROSS_1_00
E00000010,2026-09-25T01:49:30.220,SIM,GOLDmicro,SIM|GOLDmicro|C000001,SIM|GOLDmicro|C000001|B,P000004,BASKET_CLOSE,CLOSING,CLOSING,SELL,0.12,4409.17,0,pl +0.29,R-BASKET-TRIGGER,V1.68-EVIDENCE-MODEL-v1.0,,PAPER,T00000029,H_GROSS_1_00
E00000011,2026-09-25T01:49:30.221,SIM,GOLDmicro,SIM|GOLDmicro|C000001,SIM|GOLDmicro|C000001|B,P000005,BASKET_CLOSE,CLOSING,CLOSING,SELL,0.13,4409.17,0,pl +0.99,R-BASKET-TRIGGER,V1.68-EVIDENCE-MODEL-v1.0,,PAPER,T00000029,H_GROSS_1_00
E00000012,2026-09-25T01:49:30.221,SIM,GOLDmicro,SIM|GOLDmicro|C000001,SIM|GOLDmicro|C000001|B,,CYCLE_END,GRID_ACTIVE,CLOSED,,0.0,0.0,0,realized this cycle +0.79,R-BASKET-TRIGGER,V1.68-EVIDENCE-MODEL-v1.0,,PAPER,T00000029,H_GROSS_1_00
E00000013,2026-09-25T01:49:30.222,SIM,GOLDmicro,SIM|GOLDmicro|C000001,SIM|GOLDmicro|C000001|B,,CYCLE_END,WAITING_FOR_ENTRY,WAITING_FOR_ENTRY,,0.0,0.0,0,all entries rejected — cycle abandoned,,V1.68-EVIDENCE-MODEL-v1.0,,PAPER,T00000030,
E00000014,2026-09-25T01:49:30.222,SIM,GOLDmicro,SIM|GOLDmicro|C000002,SIM|GOLDmicro|C000002|B,,CYCLE_OPEN,WAITING_FOR_ENTRY,BOTH_SIDES_ACTIVE,,0.0,0.0,0,,R-BOTH-SIDES,V1.68-EVIDENCE-MODEL-v1.0,E015,PAPER,T00000030,
E00000015,2026-09-25T01:49:30.222,SIM,GOLDmicro,SIM|GOLDmicro|C000002,SIM|GOLDmicro|C000002|B,P000011,ENTRY,BOTH_SIDES_ACTIVE,BOTH_SIDES_ACTIVE,BUY,0.1,4407.8,1,,R-BASE-LOT,V1.68-EVIDENCE-MODEL-v1.0,,PAPER,T00000030,
E00000016,2026-09-25T01:49:30.222,SIM,GOLDmicro,SIM|GOLDmicro|C000002,SIM|GOLDmicro|C000002|B,P000012,ENTRY,BOTH_SIDES_ACTIVE,BOTH_SIDES_ACTIVE,SELL,0.1,4407.3,1,,R-BASE-LOT,V1.68-EVIDENCE-MODEL-v1.0,,PAPER,T00000030,
E00000017,2026-09-25T01:49:30.222,SIM,GOLDmicro,SIM|GOLDmicro|C000002,SIM|GOLDmicro|C000002|B,P000013,GRID_ADD,GRID_ACTIVE,GRID_ACTIVE,BUY,0.11,4402.62,2,,R-GRID-DIRECTION,V1.68-EVIDENCE-MODEL-v1.0,,PAPER,T00000034,H_PREV_ENTRY
E00000018,2026-09-25T01:49:30.223,SIM,GOLDmicro,SIM|GOLDmicro|C000002,SIM|GOLDmicro|C000002|B,P000014,GRID_ADD,GRID_ACTIVE,GRID_ACTIVE,SELL,0.11,4412.48,2,,R-GRID-DIRECTION,V1.68-EVIDENCE-MODEL-v1.0,,PAPER,T00000050,H_PREV_ENTRY
E00000019,2026-09-25T01:49:30.223,SIM,GOLDmicro,SIM|GOLDmicro|C000002,SIM|GOLDmicro|C000002|B,P000011,BASKET_CLOSE,CLOSING,CLOSING,BUY,0.1,4412.48,0,pl +0.47,R-BASKET-TRIGGER,V1.68-EVIDENCE-MODEL-v1.0,,PAPER,T00000050,H_GROSS_1_00
E00000020,2026-09-25T01:49:30.223,SIM,GOLDmicro,SIM|GOLDmicro|C000002,SIM|GOLDmicro|C000002|B,P000012,BASKET_CLOSE,CLOSING,CLOSING,SELL,0.1,4412.98,0,pl -0.57,R-BASKET-TRIGGER,V1.68-EVIDENCE-MODEL-v1.0,,PAPER,T00000050,H_GROSS_1_00
E00000021,2026-09-25T01:49:30.224,SIM,GOLDmicro,SIM|GOLDmicro|C000002,SIM|GOLDmicro|C000002|B,P000013,BASKET_CLOSE,CLOSING,CLOSING,BUY,0.11,4412.48,0,pl +1.08,R-BASKET-TRIGGER,V1.68-EVIDENCE-MODEL-v1.0,,PAPER,T00000050,H_GROSS_1_00
E00000022,2026-09-25T01:49:30.224,SIM,GOLDmicro,SIM|GOLDmicro|C000002,SIM|GOLDmicro|C000002|B,P000014,BASKET_CLOSE,CLOSING,CLOSING,SELL,0.11,4412.98,0,pl -0.06,R-BASKET-TRIGGER,V1.68-EVIDENCE-MODEL-v1.0,,PAPER,T00000050,H_GROSS_1_00
E00000023,2026-09-25T01:49:30.224,SIM,GOLDmicro,SIM|GOLDmicro|C000002,SIM|GOLDmicro|C000002|B,,CYCLE_END,GRID_ACTIVE,CLOSED,,0.0,0.0,0,realized this cycle +0.93,R-BASKET-TRIGGER,V1.68-EVIDENCE-MODEL-v1.0,,PAPER,T00000050,H_GROSS_1_00
E00000024,2026-09-25T01:49:30.225,SIM,GOLDmicro,SIM|GOLDmicro|C000002,SIM|GOLDmicro|C000002|B,,CYCLE_END,WAITING_FOR_ENTRY,WAITING_FOR_ENTRY,,0.0,0.0,0,all entries rejected — cycle abandoned,,V1.68-EVIDENCE-MODEL-v1.0,,PAPER,T00000051,
E00000025,2026-09-25T01:49:30.225,SIM,GOLDmicro,SIM|GOLDmicro|C000003,SIM|GOLDmicro|C000003|B,,CYCLE_OPEN,WAITING_FOR_ENTRY,BOTH_SIDES_ACTIVE,,0.0,0.0,0,,R-BOTH-SIDES,V1.68-EVIDENCE-MODEL-v1.0,E015,PAPER,T00000051,
E00000026,2026-09-25T01:49:30.225,SIM,GOLDmicro,SIM|GOLDmicro|C000003,SIM|GOLDmicro|C000003|B,P000019,ENTRY,BOTH_SIDES_ACTIVE,BOTH_SIDES_ACTIVE,BUY,0.1,4414.45,1,,R-BASE-LOT,V1.68-EVIDENCE-MODEL-v1.0,,PAPER,T00000051,
E00000027,2026-09-25T01:49:30.225,SIM,GOLDmicro,SIM|GOLDmicro|C000003,SIM|GOLDmicro|C000003|B,P000020,ENTRY,BOTH_SIDES_ACTIVE,BOTH_SIDES_ACTIVE,SELL,0.1,4413.95,1,,R-BASE-LOT,V1.68-EVIDENCE-MODEL-v1.0,,PAPER,T00000051,
E00000028,2026-09-25T01:49:30.226,SIM,GOLDmicro,SIM|GOLDmicro|C000003,SIM|GOLDmicro|C000003|B,P000021,GRID_ADD,GRID_ACTIVE,GRID_ACTIVE,BUY,0.11,4408.77,2,,R-GRID-DIRECTION,V1.68-EVIDENCE-MODEL-v1.0,,PAPER,T00000067,H_PREV_ENTRY
E00000029,2026-09-25T01:49:30.226,SIM,GOLDmicro,SIM|GOLDmicro|C000003,SIM|GOLDmicro|C000003|B,P000022,GRID_ADD,GRID_ACTIVE,GRID_ACTIVE,BUY,0.12,4403.31,3,,R-GRID-DIRECTION,V1.68-EVIDENCE-MODEL-v1.0,,PAPER,T00000071,H_PREV_ENTRY
E00000030,2026-09-25T01:49:30.226,SIM,GOLDmicro,SIM|GOLDmicro|C000003,SIM|GOLDmicro|C000003|B,P000019,BASKET_CLOSE,CLOSING,CLOSING,BUY,0.1,4410.41,0,pl -0.40,R-BASKET-TRIGGER,V1.68-EVIDENCE-MODEL-v1.0,,PAPER,T00000086,H_GROSS_1_00
E00000031,2026-09-25T01:49:30.227,SIM,GOLDmicro,SIM|GOLDmicro|C000003,SIM|GOLDmicro|C000003|B,P000020,BASKET_CLOSE,CLOSING,CLOSING,SELL,0.1,4410.91,0,pl +0.30,R-BASKET-TRIGGER,V1.68-EVIDENCE-MODEL-v1.0,,PAPER,T00000086,H_GROSS_1_00
E00000032,2026-09-25T01:49:30.227,SIM,GOLDmicro,SIM|GOLDmicro|C000003,SIM|GOLDmicro|C000003|B,P000021,BASKET_CLOSE,CLOSING,CLOSING,BUY,0.11,4410.41,0,pl +0.18,R-BASKET-TRIGGER,V1.68-EVIDENCE-MODEL-v1.0,,PAPER,T00000086,H_GROSS_1_00
E00000033,2026-09-25T01:49:30.227,SIM,GOLDmicro,SIM|GOLDmicro|C000003,SIM|GOLDmicro|C000003|B,P000022,BASKET_CLOSE,CLOSING,CLOSING,BUY,0.12,4410.41,0,pl +0.85,R-BASKET-TRIGGER,V1.68-EVIDENCE-MODEL-v1.0,,PAPER,T00000086,H_GROSS_1_00
E00000034,2026-09-25T01:49:30.227,SIM,GOLDmicro,SIM|GOLDmicro|C000003,SIM|GOLDmicro|C000003|B,,CYCLE_END,GRID_ACTIVE,CLOSED,,0.0,0.0,0,realized this cycle +0.93,R-BASKET-TRIGGER,V1.68-EVIDENCE-MODEL-v1.0,,PAPER,T00000086,H_GROSS_1_00
E00000035,2026-09-25T01:49:30.227,SIM,GOLDmicro,SIM|GOLDmicro|C000003,SIM|GOLDmicro|C000003|B,,CYCLE_END,WAITING_FOR_ENTRY,WAITING_FOR_ENTRY,,0.0,0.0,0,all entries rejected — cycle abandoned,,V1.68-EVIDENCE-MODEL-v1.0,,PAPER,T00000087,
E00000036,2026-09-25T01:49:30.228,SIM,GOLDmicro,SIM|GOLDmicro|C000004,SIM|GOLDmicro|C000004|B,,CYCLE_OPEN,WAITING_FOR_ENTRY,BOTH_SIDES_ACTIVE,,0.0,0.0,0,,R-BOTH-SIDES,V1.68-EVIDENCE-MODEL-v1.0,E015,PAPER,T00000087,
E00000037,2026-09-25T01:49:30.228,SIM,GOLDmicro,SIM|GOLDmicro|C000004,SIM|GOLDmicro|C000004|B,P000027,ENTRY,BOTH_SIDES_ACTIVE,BOTH_SIDES_ACTIVE,BUY,0.1,4412.23,1,,R-BASE-LOT,V1.68-EVIDENCE-MODEL-v1.0,,PAPER,T00000087,
E00000038,2026-09-25T01:49:30.228,SIM,GOLDmicro,SIM|GOLDmicro|C000004,SIM|GOLDmicro|C000004|B,P000028,ENTRY,BOTH_SIDES_ACTIVE,BOTH_SIDES_ACTIVE,SELL,0.1,4411.73,1,,R-BASE-LOT,V1.68-EVIDENCE-MODEL-v1.0,,PAPER,T00000087,
E00000039,2026-09-25T01:49:30.228,SIM,GOLDmicro,SIM|GOLDmicro|C000004,SIM|GOLDmicro|C000004|B,P000029,GRID_ADD,GRID_ACTIVE,GRID_ACTIVE,SELL,0.11,4416.77,2,,R-GRID-DIRECTION,V1.68-EVIDENCE-MODEL-v1.0,,PAPER,T00000091,H_PREV_ENTRY
E00000040,2026-09-25T01:49:30.229,SIM,GOLDmicro,SIM|GOLDmicro|C000004,SIM|GOLDmicro|C000004|B,P000027,BASKET_CLOSE,CLOSING,CLOSING,BUY,0.1,4406.95,0,pl -0.53,R-BASKET-TRIGGER,V1.68-EVIDENCE-MODEL-v1.0,,PAPER,T00000106,H_GROSS_1_00
E00000041,2026-09-25T01:49:30.229,SIM,GOLDmicro,SIM|GOLDmicro|C000004,SIM|GOLDmicro|C000004|B,P000028,BASKET_CLOSE,CLOSING,CLOSING,SELL,0.1,4407.45,0,pl +0.43,R-BASKET-TRIGGER,V1.68-EVIDENCE-MODEL-v1.0,,PAPER,T00000106,H_GROSS_1_00
E00000042,2026-09-25T01:49:30.229,SIM,GOLDmicro,SIM|GOLDmicro|C000004,SIM|GOLDmicro|C000004|B,P000029,BASKET_CLOSE,CLOSING,CLOSING,SELL,0.11,4407.45,0,pl +1.03,R-BASKET-TRIGGER,V1.68-EVIDENCE-MODEL-v1.0,,PAPER,T00000106,H_GROSS_1_00
E00000043,2026-09-25T01:49:30.229,SIM,GOLDmicro,SIM|GOLDmicro|C000004,SIM|GOLDmicro|C000004|B,,CYCLE_END,GRID_ACTIVE,CLOSED,,0.0,0.0,0,realized this cycle +0.93,R-BASKET-TRIGGER,V1.68-EVIDENCE-MODEL-v1.0,,PAPER,T00000106,H_GROSS_1_00
E00000044,2026-09-25T01:49:30.230,SIM,GOLDmicro,SIM|GOLDmicro|C000004,SIM|GOLDmicro|C000004|B,,CYCLE_END,WAITING_FOR_ENTRY,WAITING_FOR_ENTRY,,0.0,0.0,0,all entries rejected — cycle abandoned,,V1.68-EVIDENCE-MODEL-v1.0,,PAPER,T00000107,
E00000045,2026-09-25T01:49:30.230,SIM,GOLDmicro,SIM|GOLDmicro|C000005,SIM|GOLDmicro|C000005|B,,CYCLE_OPEN,WAITING_FOR_ENTRY,BOTH_SIDES_ACTIVE,,0.0,0.0,0,,R-BOTH-SIDES,V1.68-EVIDENCE-MODEL-v1.0,E015,PAPER,T00000107,
E00000046,2026-09-25T01:49:30.230,SIM,GOLDmicro,SIM|GOLDmicro|C000005,SIM|GOLDmicro|C000005|B,P000033,ENTRY,BOTH_SIDES_ACTIVE,BOTH_SIDES_ACTIVE,BUY,0.1,4406.05,1,,R-BASE-LOT,V1.68-EVIDENCE-MODEL-v1.0,,PAPER,T00000107,
E00000047,2026-09-25T01:49:30.230,SIM,GOLDmicro,SIM|GOLDmicro|C000005,SIM|GOLDmicro|C000005|B,P000034,ENTRY,BOTH_SIDES_ACTIVE,BOTH_SIDES_ACTIVE,SELL,0.1,4405.55,1,,R-BASE-LOT,V1.68-EVIDENCE-MODEL-v1.0,,PAPER,T00000107,
E00000048,2026-09-25T01:49:30.231,SIM,GOLDmicro,SIM|GOLDmicro|C000005,SIM|GOLDmicro|C000005|B,P000035,GRID_ADD,GRID_ACTIVE,GRID_ACTIVE,BUY,0.11,4400.86,2,,R-GRID-DIRECTION,V1.68-EVIDENCE-MODEL-v1.0,,PAPER,T00000113,H_PREV_ENTRY
E00000049,2026-09-25T01:49:30.231,SIM,GOLDmicro,SIM|GOLDmicro|C000005,SIM|GOLDmicro|C000005|B,P000033,BASKET_CLOSE,CLOSING,CLOSING,BUY,0.1,4409.67,0,pl +0.36,R-BASKET-TRIGGER,V1.68-EVIDENCE-MODEL-v1.0,,PAPER,T00000123,H_GROSS_1_00
E00000050,2026-09-25T01:49:30.231,SIM,GOLDmicro,SIM|GOLDmicro|C000005,SIM|GOLDmicro|C000005|B,P000034,BASKET_CLOSE,CLOSING,CLOSING,SELL,0.1,4410.17,0,pl -0.46,R-BASKET-TRIGGER,V1.68-EVIDENCE-MODEL-v1.0,,PAPER,T00000123,H_GROSS_1_00
E00000051,2026-09-25T01:49:30.232,SIM,GOLDmicro,SIM|GOLDmicro|C000005,SIM|GOLDmicro|C000005|B,P000035,BASKET_CLOSE,CLOSING,CLOSING,BUY,0.11,4409.67,0,pl +0.97,R-BASKET-TRIGGER,V1.68-EVIDENCE-MODEL-v1.0,,PAPER,T00000123,H_GROSS_1_00
E00000052,2026-09-25T01:49:30.232,SIM,GOLDmicro,SIM|GOLDmicro|C000005,SIM|GOLDmicro|C000005|B,,CYCLE_END,GRID_ACTIVE,CLOSED,,0.0,0.0,0,realized this cycle +0.87,R-BASKET-TRIGGER,V1.68-EVIDENCE-MODEL-v1.0,,PAPER,T00000123,H_GROSS_1_00
E00000053,2026-09-25T01:49:30.232,SIM,GOLDmicro,SIM|GOLDmicro|C000005,SIM|GOLDmicro|C000005|B,,CYCLE_END,WAITING_FOR_ENTRY,WAITING_FOR_ENTRY,,0.0,0.0,0,all entries rejected — cycle abandoned,,V1.68-EVIDENCE-MODEL-v1.0,,PAPER,T00000124,
E00000054,2026-09-25T01:49:30.232,SIM,GOLDmicro,SIM|GOLDmicro|C000006,SIM|GOLDmicro|C000006|B,,CYCLE_OPEN,WAITING_FOR_ENTRY,BOTH_SIDES_ACTIVE,,0.0,0.0,0,,R-BOTH-SIDES,V1.68-EVIDENCE-MODEL-v1.0,E015,PAPER,T00000124,
E00000055,2026-09-25T01:49:30.233,SIM,GOLDmicro,SIM|GOLDmicro|C000006,SIM|GOLDmicro|C000006|B,P000039,ENTRY,BOTH_SIDES_ACTIVE,BOTH_SIDES_ACTIVE,BUY,0.1,4411.81,1,,R-BASE-LOT,V1.68-EVIDENCE-MODEL-v1.0,,PAPER,T00000124,
E00000056,2026-09-25T01:49:30.233,SIM,GOLDmicro,SIM|GOLDmicro|C000006,SIM|GOLDmicro|C000006|B,P000040,ENTRY,BOTH_SIDES_ACTIVE,BOTH_SIDES_ACTIVE,SELL,0.1,4411.31,1,,R-BASE-LOT,V1.68-EVIDENCE-MODEL-v1.0,,PAPER,T00000124,
E00000057,2026-09-25T01:49:30.233,SIM,GOLDmicro,SIM|GOLDmicro|C000006,SIM|GOLDmicro|C000006|B,P000041,GRID_ADD,GRID_ACTIVE,GRID_ACTIVE,SELL,0.11,4416.56,2,,R-GRID-DIRECTION,V1.68-EVIDENCE-MODEL-v1.0,,PAPER,T00000128,H_PREV_ENTRY
E00000058,2026-09-25T01:49:30.233,SIM,GOLDmicro,SIM|GOLDmicro|C000006,SIM|GOLDmicro|C000006|B,P000039,BASKET_CLOSE,CLOSING,CLOSING,BUY,0.1,4406.85,0,pl -0.50,R-BASKET-TRIGGER,V1.68-EVIDENCE-MODEL-v1.0,,PAPER,T00000144,H_GROSS_1_00
E00000059,2026-09-25T01:49:30.234,SIM,GOLDmicro,SIM|GOLDmicro|C000006,SIM|GOLDmicro|C000006|B,P000040,BASKET_CLOSE,CLOSING,CLOSING,SELL,0.1,4407.35,0,pl +0.40,R-BASKET-TRIGGER,V1.68-EVIDENCE-MODEL-v1.0,,PAPER,T00000144,H_GROSS_1_00
E00000060,2026-09-25T01:49:30.234,SIM,GOLDmicro,SIM|GOLDmicro|C000006,SIM|GOLDmicro|C000006|B,P000041,BASKET_CLOSE,CLOSING,CLOSING,SELL,0.11,4407.35,0,pl +1.01,R-BASKET-TRIGGER,V1.68-EVIDENCE-MODEL-v1.0,,PAPER,T00000144,H_GROSS_1_00
E00000061,2026-09-25T01:49:30.234,SIM,GOLDmicro,SIM|GOLDmicro|C000006,SIM|GOLDmicro|C000006|B,,CYCLE_END,GRID_ACTIVE,CLOSED,,0.0,0.0,0,realized this cycle +0.91,R-BASKET-TRIGGER,V1.68-EVIDENCE-MODEL-v1.0,,PAPER,T00000144,H_GROSS_1_00
E00000062,2026-09-25T01:49:30.234,SIM,GOLDmicro,SIM|GOLDmicro|C000006,SIM|GOLDmicro|C000006|B,,CYCLE_END,WAITING_FOR_ENTRY,WAITING_FOR_ENTRY,,0.0,0.0,0,all entries rejected — cycle abandoned,,V1.68-EVIDENCE-MODEL-v1.0,,PAPER,T00000145,
E00000063,2026-09-25T01:49:30.234,SIM,GOLDmicro,SIM|GOLDmicro|C000007,SIM|GOLDmicro|C000007|B,,CYCLE_OPEN,WAITING_FOR_ENTRY,BOTH_SIDES_ACTIVE,,0.0,0.0,0,,R-BOTH-SIDES,V1.68-EVIDENCE-MODEL-v1.0,E015,PAPER,T00000145,
E00000064,2026-09-25T01:49:30.235,SIM,GOLDmicro,SIM|GOLDmicro|C000007,SIM|GOLDmicro|C000007|B,P000045,ENTRY,BOTH_SIDES_ACTIVE,BOTH_SIDES_ACTIVE,BUY,0.1,4405.96,1,,R-BASE-LOT,V1.68-EVIDENCE-MODEL-v1.0,,PAPER,T00000145,
E00000065,2026-09-25T01:49:30.235,SIM,GOLDmicro,SIM|GOLDmicro|C000007,SIM|GOLDmicro|C000007|B,P000046,ENTRY,BOTH_SIDES_ACTIVE,BOTH_SIDES_ACTIVE,SELL,0.1,4405.46,1,,R-BASE-LOT,V1.68-EVIDENCE-MODEL-v1.0,,PAPER,T00000145,
E00000066,2026-09-25T01:49:30.235,SIM,GOLDmicro,SIM|GOLDmicro|C000007,SIM|GOLDmicro|C000007|B,P000047,GRID_ADD,GRID_ACTIVE,GRID_ACTIVE,SELL,0.11,4411.33,2,,R-GRID-DIRECTION,V1.68-EVIDENCE-MODEL-v1.0,,PAPER,T00000162,H_PREV_ENTRY
E00000067,2026-09-25T01:49:30.235,SIM,GOLDmicro,SIM|GOLDmicro|C000007,SIM|GOLDmicro|C000007|B,P000048,GRID_ADD,GRID_ACTIVE,GRID_ACTIVE,SELL,0.12,4416.56,3,,R-GRID-DIRECTION,V1.68-EVIDENCE-MODEL-v1.0,,PAPER,T00000166,H_PREV_ENTRY
E00000068,2026-09-25T01:49:30.236,SIM,GOLDmicro,SIM|GOLDmicro|C000007,SIM|GOLDmicro|C000007|B,P000045,BASKET_CLOSE,CLOSING,CLOSING,BUY,0.1,4408.73,0,pl +0.28,R-BASKET-TRIGGER,V1.68-EVIDENCE-MODEL-v1.0,,PAPER,T00000180,H_GROSS_1_00
E00000069,2026-09-25T01:49:30.236,SIM,GOLDmicro,SIM|GOLDmicro|C000007,SIM|GOLDmicro|C000007|B,P000046,BASKET_CLOSE,CLOSING,CLOSING,SELL,0.1,4409.23,0,pl -0.38,R-BASKET-TRIGGER,V1.68-EVIDENCE-MODEL-v1.0,,PAPER,T00000180,H_GROSS_1_00
E00000070,2026-09-25T01:49:30.236,SIM,GOLDmicro,SIM|GOLDmicro|C000007,SIM|GOLDmicro|C000007|B,P000047,BASKET_CLOSE,CLOSING,CLOSING,SELL,0.11,4409.23,0,pl +0.23,R-BASKET-TRIGGER,V1.68-EVIDENCE-MODEL-v1.0,,PAPER,T00000180,H_GROSS_1_00
E00000071,2026-09-25T01:49:30.237,SIM,GOLDmicro,SIM|GOLDmicro|C000007,SIM|GOLDmicro|C000007|B,P000048,BASKET_CLOSE,CLOSING,CLOSING,SELL,0.12,4409.23,0,pl +0.88,R-BASKET-TRIGGER,V1.68-EVIDENCE-MODEL-v1.0,,PAPER,T00000180,H_GROSS_1_00
E00000072,2026-09-25T01:49:30.237,SIM,GOLDmicro,SIM|GOLDmicro|C000007,SIM|GOLDmicro|C000007|B,,CYCLE_END,GRID_ACTIVE,CLOSED,,0.0,0.0,0,realized this cycle +1.01,R-BASKET-TRIGGER,V1.68-EVIDENCE-MODEL-v1.0,,PAPER,T00000180,H_GROSS_1_00
E00000073,2026-09-25T01:49:30.237,SIM,GOLDmicro,SIM|GOLDmicro|C000007,SIM|GOLDmicro|C000007|B,,CYCLE_END,WAITING_FOR_ENTRY,WAITING_FOR_ENTRY,,0.0,0.0,0,all entries rejected — cycle abandoned,,V1.68-EVIDENCE-MODEL-v1.0,,PAPER,T00000181,
E00000074,2026-09-25T01:49:30.237,SIM,GOLDmicro,SIM|GOLDmicro|C000008,SIM|GOLDmicro|C000008|B,,CYCLE_OPEN,WAITING_FOR_ENTRY,BOTH_SIDES_ACTIVE,,0.0,0.0,0,,R-BOTH-SIDES,V1.68-EVIDENCE-MODEL-v1.0,E015,PAPER,T00000181,
E00000075,2026-09-25T01:49:30.238,SIM,GOLDmicro,SIM|GOLDmicro|C000008,SIM|GOLDmicro|C000008|B,P000053,ENTRY,BOTH_SIDES_ACTIVE,BOTH_SIDES_ACTIVE,BUY,0.1,4407.61,1,,R-BASE-LOT,V1.68-EVIDENCE-MODEL-v1.0,,PAPER,T00000181,
E00000076,2026-09-25T01:49:30.238,SIM,GOLDmicro,SIM|GOLDmicro|C000008,SIM|GOLDmicro|C000008|B,P000054,ENTRY,BOTH_SIDES_ACTIVE,BOTH_SIDES_ACTIVE,SELL,0.1,4407.11,1,,R-BASE-LOT,V1.68-EVIDENCE-MODEL-v1.0,,PAPER,T00000181,
E00000077,2026-09-25T01:49:30.238,SIM,GOLDmicro,SIM|GOLDmicro|C000008,SIM|GOLDmicro|C000008|B,P000055,GRID_ADD,GRID_ACTIVE,GRID_ACTIVE,BUY,0.11,4402.31,2,,R-GRID-DIRECTION,V1.68-EVIDENCE-MODEL-v1.0,,PAPER,T00000185,H_PREV_ENTRY
E00000078,2026-09-25T01:49:30.239,SIM,GOLDmicro,SIM|GOLDmicro|C000008,SIM|GOLDmicro|C000008|B,P000053,BASKET_CLOSE,CLOSING,CLOSING,BUY,0.1,4411.53,0,pl +0.39,R-BASKET-TRIGGER,V1.68-EVIDENCE-MODEL-v1.0,,PAPER,T00000200,H_GROSS_1_00
E00000079,2026-09-25T01:49:30.239,SIM,GOLDmicro,SIM|GOLDmicro|C000008,SIM|GOLDmicro|C000008|B,P000054,BASKET_CLOSE,CLOSING,CLOSING,SELL,0.1,4412.03,0,pl -0.49,R-BASKET-TRIGGER,V1.68-EVIDENCE-MODEL-v1.0,,PAPER,T00000200,H_GROSS_1_00
E00000080,2026-09-25T01:49:30.239,SIM,GOLDmicro,SIM|GOLDmicro|C000008,SIM|GOLDmicro|C000008|B,P000055,BASKET_CLOSE,CLOSING,CLOSING,BUY,0.11,4411.53,0,pl +1.01,R-BASKET-TRIGGER,V1.68-EVIDENCE-MODEL-v1.0,,PAPER,T00000200,H_GROSS_1_00
E00000081,2026-09-25T01:49:30.239,SIM,GOLDmicro,SIM|GOLDmicro|C000008,SIM|GOLDmicro|C000008|B,,CYCLE_END,GRID_ACTIVE,CLOSED,,0.0,0.0,0,realized this cycle +0.91,R-BASKET-TRIGGER,V1.68-EVIDENCE-MODEL-v1.0,,PAPER,T00000200,H_GROSS_1_00
E00000082,2026-09-25T01:49:30.239,SIM,GOLDmicro,SIM|GOLDmicro|C000008,SIM|GOLDmicro|C000008|B,,CYCLE_END,WAITING_FOR_ENTRY,WAITING_FOR_ENTRY,,0.0,0.0,0,all entries rejected — cycle abandoned,,V1.68-EVIDENCE-MODEL-v1.0,,PAPER,T00000201,
E00000083,2026-09-25T01:49:30.240,SIM,GOLDmicro,SIM|GOLDmicro|C000009,SIM|GOLDmicro|C000009|B,,CYCLE_OPEN,WAITING_FOR_ENTRY,BOTH_SIDES_ACTIVE,,0.0,0.0,0,,R-BOTH-SIDES,V1.68-EVIDENCE-MODEL-v1.0,E015,PAPER,T00000201,
E00000084,2026-09-25T01:49:30.240,SIM,GOLDmicro,SIM|GOLDmicro|C000009,SIM|GOLDmicro|C000009|B,P000059,ENTRY,BOTH_SIDES_ACTIVE,BOTH_SIDES_ACTIVE,BUY,0.1,4413.4,1,,R-BASE-LOT,V1.68-EVIDENCE-MODEL-v1.0,,PAPER,T00000201,
E00000085,2026-09-25T01:49:30.240,SIM,GOLDmicro,SIM|GOLDmicro|C000009,SIM|GOLDmicro|C000009|B,P000060,ENTRY,BOTH_SIDES_ACTIVE,BOTH_SIDES_ACTIVE,SELL,0.1,4412.9,1,,R-BASE-LOT,V1.68-EVIDENCE-MODEL-v1.0,,PAPER,T00000201,
E00000086,2026-09-25T01:49:30.240,SIM,GOLDmicro,SIM|GOLDmicro|C000009,SIM|GOLDmicro|C000009|B,P000061,GRID_ADD,GRID_ACTIVE,GRID_ACTIVE,SELL,0.11,4418.32,2,,R-GRID-DIRECTION,V1.68-EVIDENCE-MODEL-v1.0,,PAPER,T00000207,H_PREV_ENTRY
E00000087,2026-09-25T01:49:30.241,SIM,GOLDmicro,SIM|GOLDmicro|C000009,SIM|GOLDmicro|C000009|B,P000059,BASKET_CLOSE,CLOSING,CLOSING,BUY,0.1,4407.92,0,pl -0.55,R-BASKET-TRIGGER,V1.68-EVIDENCE-MODEL-v1.0,,PAPER,T00000218,H_GROSS_1_00
E00000088,2026-09-25T01:49:30.241,SIM,GOLDmicro,SIM|GOLDmicro|C000009,SIM|GOLDmicro|C000009|B,P000060,BASKET_CLOSE,CLOSING,CLOSING,SELL,0.1,4408.42,0,pl +0.45,R-BASKET-TRIGGER,V1.68-EVIDENCE-MODEL-v1.0,,PAPER,T00000218,H_GROSS_1_00
E00000089,2026-09-25T01:49:30.241,SIM,GOLDmicro,SIM|GOLDmicro|C000009,SIM|GOLDmicro|C000009|B,P000061,BASKET_CLOSE,CLOSING,CLOSING,SELL,0.11,4408.42,0,pl +1.09,R-BASKET-TRIGGER,V1.68-EVIDENCE-MODEL-v1.0,,PAPER,T00000218,H_GROSS_1_00
E00000090,2026-09-25T01:49:30.241,SIM,GOLDmicro,SIM|GOLDmicro|C000009,SIM|GOLDmicro|C000009|B,,CYCLE_END,GRID_ACTIVE,CLOSED,,0.0,0.0,0,realized this cycle +0.99,R-BASKET-TRIGGER,V1.68-EVIDENCE-MODEL-v1.0,,PAPER,T00000218,H_GROSS_1_00
E00000091,2026-09-25T01:49:30.242,SIM,GOLDmicro,SIM|GOLDmicro|C000009,SIM|GOLDmicro|C000009|B,,CYCLE_END,WAITING_FOR_ENTRY,WAITING_FOR_ENTRY,,0.0,0.0,0,all entries rejected — cycle abandoned,,V1.68-EVIDENCE-MODEL-v1.0,,PAPER,T00000219,
E00000092,2026-09-25T01:49:30.242,SIM,GOLDmicro,SIM|GOLDmicro|C000010,SIM|GOLDmicro|C000010|B,,CYCLE_OPEN,WAITING_FOR_ENTRY,BOTH_SIDES_ACTIVE,,0.0,0.0,0,,R-BOTH-SIDES,V1.68-EVIDENCE-MODEL-v1.0,E015,PAPER,T00000219,
E00000093,2026-09-25T01:49:30.242,SIM,GOLDmicro,SIM|GOLDmicro|C000010,SIM|GOLDmicro|C000010|B,P000065,ENTRY,BOTH_SIDES_ACTIVE,BOTH_SIDES_ACTIVE,BUY,0.1,4406.92,1,,R-BASE-LOT,V1.68-EVIDENCE-MODEL-v1.0,,PAPER,T00000219,
E00000094,2026-09-25T01:49:30.242,SIM,GOLDmicro,SIM|GOLDmicro|C000010,SIM|GOLDmicro|C000010|B,P000066,ENTRY,BOTH_SIDES_ACTIVE,BOTH_SIDES_ACTIVE,SELL,0.1,4406.42,1,,R-BASE-LOT,V1.68-EVIDENCE-MODEL-v1.0,,PAPER,T00000219,
E00000095,2026-09-25T01:49:30.242,SIM,GOLDmicro,SIM|GOLDmicro|C000010,SIM|GOLDmicro|C000010|B,P000067,GRID_ADD,GRID_ACTIVE,GRID_ACTIVE,BUY,0.11,4401.37,2,,R-GRID-DIRECTION,V1.68-EVIDENCE-MODEL-v1.0,,PAPER,T00000224,H_PREV_ENTRY
E00000096,2026-09-25T01:49:30.243,SIM,GOLDmicro,SIM|GOLDmicro|C000010,SIM|GOLDmicro|C000010|B,P000065,BASKET_CLOSE,CLOSING,CLOSING,BUY,0.1,4410.12,0,pl +0.32,R-BASKET-TRIGGER,V1.68-EVIDENCE-MODEL-v1.0,,PAPER,T00000237,H_GROSS_1_00
E00000097,2026-09-25T01:49:30.243,SIM,GOLDmicro,SIM|GOLDmicro|C000010,SIM|GOLDmicro|C000010|B,P000066,BASKET_CLOSE,CLOSING,CLOSING,SELL,0.1,4410.62,0,pl -0.42,R-BASKET-TRIGGER,V1.68-EVIDENCE-MODEL-v1.0,,PAPER,T00000237,H_GROSS_1_00
E00000098,2026-09-25T01:49:30.244,SIM,GOLDmicro,SIM|GOLDmicro|C000010,SIM|GOLDmicro|C000010|B,P000067,BASKET_CLOSE,CLOSING,CLOSING,BUY,0.11,4410.12,0,pl +0.96,R-BASKET-TRIGGER,V1.68-EVIDENCE-MODEL-v1.0,,PAPER,T00000237,H_GROSS_1_00
E00000099,2026-09-25T01:49:30.244,SIM,GOLDmicro,SIM|GOLDmicro|C000010,SIM|GOLDmicro|C000010|B,,CYCLE_END,GRID_ACTIVE,CLOSED,,0.0,0.0,0,realized this cycle +0.86,R-BASKET-TRIGGER,V1.68-EVIDENCE-MODEL-v1.0,,PAPER,T00000237,H_GROSS_1_00
E00000100,2026-09-25T01:49:30.244,SIM,GOLDmicro,SIM|GOLDmicro|C000010,SIM|GOLDmicro|C000010|B,,CYCLE_END,WAITING_FOR_ENTRY,WAITING_FOR_ENTRY,,0.0,0.0,0,all entries rejected — cycle abandoned,,V1.68-EVIDENCE-MODEL-v1.0,,PAPER,T00000238,
E00000101,2026-09-25T01:49:30.245,SIM,GOLDmicro,SIM|GOLDmicro|C000011,SIM|GOLDmicro|C000011|B,,CYCLE_OPEN,WAITING_FOR_ENTRY,BOTH_SIDES_ACTIVE,,0.0,0.0,0,,R-BOTH-SIDES,V1.68-EVIDENCE-MODEL-v1.0,E015,PAPER,T00000238,
E00000102,2026-09-25T01:49:30.245,SIM,GOLDmicro,SIM|GOLDmicro|C000011,SIM|GOLDmicro|C000011|B,P000071,ENTRY,BOTH_SIDES_ACTIVE,BOTH_SIDES_ACTIVE,BUY,0.1,4412.17,1,,R-BASE-LOT,V1.68-EVIDENCE-MODEL-v1.0,,PAPER,T00000238,
E00000103,2026-09-25T01:49:30.245,SIM,GOLDmicro,SIM|GOLDmicro|C000011,SIM|GOLDmicro|C000011|B,P000072,ENTRY,BOTH_SIDES_ACTIVE,BOTH_SIDES_ACTIVE,SELL,0.1,4411.67,1,,R-BASE-LOT,V1.68-EVIDENCE-MODEL-v1.0,,PAPER,T00000238,
E00000104,2026-09-25T01:49:30.246,SIM,GOLDmicro,SIM|GOLDmicro|C000011,SIM|GOLDmicro|C000011|B,P000073,GRID_ADD,GRID_ACTIVE,GRID_ACTIVE,SELL,0.11,4417.27,2,,R-GRID-DIRECTION,V1.68-EVIDENCE-MODEL-v1.0,,PAPER,T00000243,H_PREV_ENTRY
E00000105,2026-09-25T01:49:30.246,SIM,GOLDmicro,SIM|GOLDmicro|C000011,SIM|GOLDmicro|C000011|B,P000071,BASKET_CLOSE,CLOSING,CLOSING,BUY,0.1,4407.83,0,pl -0.43,R-BASKET-TRIGGER,V1.68-EVIDENCE-MODEL-v1.0,,PAPER,T00000256,H_GROSS_1_00
E00000106,2026-09-25T01:49:30.246,SIM,GOLDmicro,SIM|GOLDmicro|C000011,SIM|GOLDmicro|C000011|B,P000072,BASKET_CLOSE,CLOSING,CLOSING,SELL,0.1,4408.33,0,pl +0.33,R-BASKET-TRIGGER,V1.68-EVIDENCE-MODEL-v1.0,,PAPER,T00000256,H_GROSS_1_00
E00000107,2026-09-25T01:49:30.247,SIM,GOLDmicro,SIM|GOLDmicro|C000011,SIM|GOLDmicro|C000011|B,P000073,BASKET_CLOSE,CLOSING,CLOSING,SELL,0.11,4408.33,0,pl +0.98,R-BASKET-TRIGGER,V1.68-EVIDENCE-MODEL-v1.0,,PAPER,T00000256,H_GROSS_1_00
E00000108,2026-09-25T01:49:30.247,SIM,GOLDmicro,SIM|GOLDmicro|C000011,SIM|GOLDmicro|C000011|B,,CYCLE_END,GRID_ACTIVE,CLOSED,,0.0,0.0,0,realized this cycle +0.88,R-BASKET-TRIGGER,V1.68-EVIDENCE-MODEL-v1.0,,PAPER,T00000256,H_GROSS_1_00
E00000109,2026-09-25T01:49:30.247,SIM,GOLDmicro,SIM|GOLDmicro|C000011,SIM|GOLDmicro|C000011|B,,CYCLE_END,WAITING_FOR_ENTRY,WAITING_FOR_ENTRY,,0.0,0.0,0,all entries rejected — cycle abandoned,,V1.68-EVIDENCE-MODEL-v1.0,,PAPER,T00000257,
E00000110,2026-09-25T01:49:30.248,SIM,GOLDmicro,SIM|GOLDmicro|C000012,SIM|GOLDmicro|C000012|B,,CYCLE_OPEN,WAITING_FOR_ENTRY,BOTH_SIDES_ACTIVE,,0.0,0.0,0,,R-BOTH-SIDES,V1.68-EVIDENCE-MODEL-v1.0,E015,PAPER,T00000257,
E00000111,2026-09-25T01:49:30.248,SIM,GOLDmicro,SIM|GOLDmicro|C000012,SIM|GOLDmicro|C000012|B,P000077,ENTRY,BOTH_SIDES_ACTIVE,BOTH_SIDES_ACTIVE,BUY,0.1,4406.93,1,,R-BASE-LOT,V1.68-EVIDENCE-MODEL-v1.0,,PAPER,T00000257,
E00000112,2026-09-25T01:49:30.248,SIM,GOLDmicro,SIM|GOLDmicro|C000012,SIM|GOLDmicro|C000012|B,P000078,ENTRY,BOTH_SIDES_ACTIVE,BOTH_SIDES_ACTIVE,SELL,0.1,4406.43,1,,R-BASE-LOT,V1.68-EVIDENCE-MODEL-v1.0,,PAPER,T00000257,
E00000113,2026-09-25T01:49:30.249,SIM,GOLDmicro,SIM|GOLDmicro|C000012,SIM|GOLDmicro|C000012|B,P000079,GRID_ADD,GRID_ACTIVE,GRID_ACTIVE,BUY,0.11,4401.67,2,,R-GRID-DIRECTION,V1.68-EVIDENCE-MODEL-v1.0,,PAPER,T00000262,H_PREV_ENTRY
E00000114,2026-09-25T01:49:30.249,SIM,GOLDmicro,SIM|GOLDmicro|C000012,SIM|GOLDmicro|C000012|B,P000080,GRID_ADD,GRID_ACTIVE,GRID_ACTIVE,SELL,0.11,4411.5,2,,R-GRID-DIRECTION,V1.68-EVIDENCE-MODEL-v1.0,,PAPER,T00000275,H_PREV_ENTRY
E00000115,2026-09-25T01:49:30.249,SIM,GOLDmicro,SIM|GOLDmicro|C000012,SIM|GOLDmicro|C000012|B,P000077,BASKET_CLOSE,CLOSING,CLOSING,BUY,0.1,4411.5,0,pl +0.46,R-BASKET-TRIGGER,V1.68-EVIDENCE-MODEL-v1.0,,PAPER,T00000275,H_GROSS_1_00
E00000116,2026-09-25T01:49:30.250,SIM,GOLDmicro,SIM|GOLDmicro|C000012,SIM|GOLDmicro|C000012|B,P000078,BASKET_CLOSE,CLOSING,CLOSING,SELL,0.1,4412.0,0,pl -0.56,R-BASKET-TRIGGER,V1.68-EVIDENCE-MODEL-v1.0,,PAPER,T00000275,H_GROSS_1_00
E00000117,2026-09-25T01:49:30.250,SIM,GOLDmicro,SIM|GOLDmicro|C000012,SIM|GOLDmicro|C000012|B,P000079,BASKET_CLOSE,CLOSING,CLOSING,BUY,0.11,4411.5,0,pl +1.08,R-BASKET-TRIGGER,V1.68-EVIDENCE-MODEL-v1.0,,PAPER,T00000275,H_GROSS_1_00
E00000118,2026-09-25T01:49:30.250,SIM,GOLDmicro,SIM|GOLDmicro|C000012,SIM|GOLDmicro|C000012|B,P000080,BASKET_CLOSE,CLOSING,CLOSING,SELL,0.11,4412.0,0,pl -0.06,R-BASKET-TRIGGER,V1.68-EVIDENCE-MODEL-v1.0,,PAPER,T00000275,H_GROSS_1_00
E00000119,2026-09-25T01:49:30.251,SIM,GOLDmicro,SIM|GOLDmicro|C000012,SIM|GOLDmicro|C000012|B,,CYCLE_END,GRID_ACTIVE,CLOSED,,0.0,0.0,0,realized this cycle +0.93,R-BASKET-TRIGGER,V1.68-EVIDENCE-MODEL-v1.0,,PAPER,T00000275,H_GROSS_1_00
E00000120,2026-09-25T01:49:30.251,SIM,GOLDmicro,SIM|GOLDmicro|C000012,SIM|GOLDmicro|C000012|B,,CYCLE_END,WAITING_FOR_ENTRY,WAITING_FOR_ENTRY,,0.0,0.0,0,all entries rejected — cycle abandoned,,V1.68-EVIDENCE-MODEL-v1.0,,PAPER,T00000276,
E00000121,2026-09-25T01:49:30.251,SIM,GOLDmicro,SIM|GOLDmicro|C000013,SIM|GOLDmicro|C000013|B,,CYCLE_OPEN,WAITING_FOR_ENTRY,BOTH_SIDES_ACTIVE,,0.0,0.0,0,,R-BOTH-SIDES,V1.68-EVIDENCE-MODEL-v1.0,E015,PAPER,T00000276,
E00000122,2026-09-25T01:49:30.252,SIM,GOLDmicro,SIM|GOLDmicro|C000013,SIM|GOLDmicro|C000013|B,P000085,ENTRY,BOTH_SIDES_ACTIVE,BOTH_SIDES_ACTIVE,BUY,0.1,4413.49,1,,R-BASE-LOT,V1.68-EVIDENCE-MODEL-v1.0,,PAPER,T00000276,
E00000123,2026-09-25T01:49:30.252,SIM,GOLDmicro,SIM|GOLDmicro|C000013,SIM|GOLDmicro|C000013|B,P000086,ENTRY,BOTH_SIDES_ACTIVE,BOTH_SIDES_ACTIVE,SELL,0.1,4412.99,1,,R-BASE-LOT,V1.68-EVIDENCE-MODEL-v1.0,,PAPER,T00000276,
E00000124,2026-09-25T01:49:30.252,SIM,GOLDmicro,SIM|GOLDmicro|C000013,SIM|GOLDmicro|C000013|B,P000087,GRID_ADD,GRID_ACTIVE,GRID_ACTIVE,SELL,0.11,4418.14,2,,R-GRID-DIRECTION,V1.68-EVIDENCE-MODEL-v1.0,,PAPER,T00000281,H_PREV_ENTRY
E00000125,2026-09-25T01:49:30.253,SIM,GOLDmicro,SIM|GOLDmicro|C000013,SIM|GOLDmicro|C000013|B,P000085,BASKET_CLOSE,CLOSING,CLOSING,BUY,0.1,4408.2,0,pl -0.53,R-BASKET-TRIGGER,V1.68-EVIDENCE-MODEL-v1.0,,PAPER,T00000294,H_GROSS_1_00
E00000126,2026-09-25T01:49:30.253,SIM,GOLDmicro,SIM|GOLDmicro|C000013,SIM|GOLDmicro|C000013|B,P000086,BASKET_CLOSE,CLOSING,CLOSING,SELL,0.1,4408.7,0,pl +0.43,R-BASKET-TRIGGER,V1.68-EVIDENCE-MODEL-v1.0,,PAPER,T00000294,H_GROSS_1_00
E00000127,2026-09-25T01:49:30.254,SIM,GOLDmicro,SIM|GOLDmicro|C000013,SIM|GOLDmicro|C000013|B,P000087,BASKET_CLOSE,CLOSING,CLOSING,SELL,0.11,4408.7,0,pl +1.04,R-BASKET-TRIGGER,V1.68-EVIDENCE-MODEL-v1.0,,PAPER,T00000294,H_GROSS_1_00
E00000128,2026-09-25T01:49:30.254,SIM,GOLDmicro,SIM|GOLDmicro|C000013,SIM|GOLDmicro|C000013|B,,CYCLE_END,GRID_ACTIVE,CLOSED,,0.0,0.0,0,realized this cycle +0.94,R-BASKET-TRIGGER,V1.68-EVIDENCE-MODEL-v1.0,,PAPER,T00000294,H_GROSS_1_00
E00000129,2026-09-25T01:49:30.254,SIM,GOLDmicro,SIM|GOLDmicro|C000013,SIM|GOLDmicro|C000013|B,,CYCLE_END,WAITING_FOR_ENTRY,WAITING_FOR_ENTRY,,0.0,0.0,0,all entries rejected — cycle abandoned,,V1.68-EVIDENCE-MODEL-v1.0,,PAPER,T00000295,
E00000130,2026-09-25T01:49:30.254,SIM,GOLDmicro,SIM|GOLDmicro|C000014,SIM|GOLDmicro|C000014|B,,CYCLE_OPEN,WAITING_FOR_ENTRY,BOTH_SIDES_ACTIVE,,0.0,0.0,0,,R-BOTH-SIDES,V1.68-EVIDENCE-MODEL-v1.0,E015,PAPER,T00000295,
E00000131,2026-09-25T01:49:30.255,SIM,GOLDmicro,SIM|GOLDmicro|C000014,SIM|GOLDmicro|C000014|B,P000091,ENTRY,BOTH_SIDES_ACTIVE,BOTH_SIDES_ACTIVE,BUY,0.1,4407.24,1,,R-BASE-LOT,V1.68-EVIDENCE-MODEL-v1.0,,PAPER,T00000295,
E00000132,2026-09-25T01:49:30.255,SIM,GOLDmicro,SIM|GOLDmicro|C000014,SIM|GOLDmicro|C000014|B,P000092,ENTRY,BOTH_SIDES_ACTIVE,BOTH_SIDES_ACTIVE,SELL,0.1,4406.74,1,,R-BASE-LOT,V1.68-EVIDENCE-MODEL-v1.0,,PAPER,T00000295,
E00000133,2026-09-25T01:49:30.255,SIM,GOLDmicro,SIM|GOLDmicro|C000014,SIM|GOLDmicro|C000014|B,P000093,GRID_ADD,GRID_ACTIVE,GRID_ACTIVE,BUY,0.11,4401.98,2,,R-GRID-DIRECTION,V1.68-EVIDENCE-MODEL-v1.0,,PAPER,T00000300,H_PREV_ENTRY
E00000134,2026-09-25T01:49:30.256,SIM,GOLDmicro,SIM|GOLDmicro|C000014,SIM|GOLDmicro|C000014|B,P000091,BASKET_CLOSE,CLOSING,CLOSING,BUY,0.1,4411.13,0,pl +0.39,R-BASKET-TRIGGER,V1.68-EVIDENCE-MODEL-v1.0,,PAPER,T00000312,H_GROSS_1_00
E00000135,2026-09-25T01:49:30.256,SIM,GOLDmicro,SIM|GOLDmicro|C000014,SIM|GOLDmicro|C000014|B,P000092,BASKET_CLOSE,CLOSING,CLOSING,SELL,0.1,4411.63,0,pl -0.49,R-BASKET-TRIGGER,V1.68-EVIDENCE-MODEL-v1.0,,PAPER,T00000312,H_GROSS_1_00
E00000136,2026-09-25T01:49:30.256,SIM,GOLDmicro,SIM|GOLDmicro|C000014,SIM|GOLDmicro|C000014|B,P000093,BASKET_CLOSE,CLOSING,CLOSING,BUY,0.11,4411.13,0,pl +1.01,R-BASKET-TRIGGER,V1.68-EVIDENCE-MODEL-v1.0,,PAPER,T00000312,H_GROSS_1_00
E00000137,2026-09-25T01:49:30.256,SIM,GOLDmicro,SIM|GOLDmicro|C000014,SIM|GOLDmicro|C000014|B,,CYCLE_END,GRID_ACTIVE,CLOSED,,0.0,0.0,0,realized this cycle +0.91,R-BASKET-TRIGGER,V1.68-EVIDENCE-MODEL-v1.0,,PAPER,T00000312,H_GROSS_1_00
E00000138,2026-09-25T01:49:30.256,SIM,GOLDmicro,SIM|GOLDmicro|C000014,SIM|GOLDmicro|C000014|B,,CYCLE_END,WAITING_FOR_ENTRY,WAITING_FOR_ENTRY,,0.0,0.0,0,all entries rejected — cycle abandoned,,V1.68-EVIDENCE-MODEL-v1.0,,PAPER,T00000313,
E00000139,2026-09-25T01:49:30.257,SIM,GOLDmicro,SIM|GOLDmicro|C000015,SIM|GOLDmicro|C000015|B,,CYCLE_OPEN,WAITING_FOR_ENTRY,BOTH_SIDES_ACTIVE,,0.0,0.0,0,,R-BOTH-SIDES,V1.68-EVIDENCE-MODEL-v1.0,E015,PAPER,T00000313,
E00000140,2026-09-25T01:49:30.257,SIM,GOLDmicro,SIM|GOLDmicro|C000015,SIM|GOLDmicro|C000015|B,P000097,ENTRY,BOTH_SIDES_ACTIVE,BOTH_SIDES_ACTIVE,BUY,0.1,4413.24,1,,R-BASE-LOT,V1.68-EVIDENCE-MODEL-v1.0,,PAPER,T00000313,
E00000141,2026-09-25T01:49:30.257,SIM,GOLDmicro,SIM|GOLDmicro|C000015,SIM|GOLDmicro|C000015|B,P000098,ENTRY,BOTH_SIDES_ACTIVE,BOTH_SIDES_ACTIVE,SELL,0.1,4412.74,1,,R-BASE-LOT,V1.68-EVIDENCE-MODEL-v1.0,,PAPER,T00000313,
E00000142,2026-09-25T01:49:30.257,SIM,GOLDmicro,SIM|GOLDmicro|C000015,SIM|GOLDmicro|C000015|B,P000099,GRID_ADD,GRID_ACTIVE,GRID_ACTIVE,SELL,0.11,4418.4,2,,R-GRID-DIRECTION,V1.68-EVIDENCE-MODEL-v1.0,,PAPER,T00000318,H_PREV_ENTRY
E00000143,2026-09-25T01:49:30.258,SIM,GOLDmicro,SIM|GOLDmicro|C000015,SIM|GOLDmicro|C000015|B,P000097,BASKET_CLOSE,CLOSING,CLOSING,BUY,0.1,4408.4,0,pl -0.48,R-BASKET-TRIGGER,V1.68-EVIDENCE-MODEL-v1.0,,PAPER,T00000332,H_GROSS_1_00
E00000144,2026-09-25T01:49:30.258,SIM,GOLDmicro,SIM|GOLDmicro|C000015,SIM|GOLDmicro|C000015|B,P000098,BASKET_CLOSE,CLOSING,CLOSING,SELL,0.1,4408.9,0,pl +0.38,R-BASKET-TRIGGER,V1.68-EVIDENCE-MODEL-v1.0,,PAPER,T00000332,H_GROSS_1_00
E00000145,2026-09-25T01:49:30.259,SIM,GOLDmicro,SIM|GOLDmicro|C000015,SIM|GOLDmicro|C000015|B,P000099,BASKET_CLOSE,CLOSING,CLOSING,SELL,0.11,4408.9,0,pl +1.04,R-BASKET-TRIGGER,V1.68-EVIDENCE-MODEL-v1.0,,PAPER,T00000332,H_GROSS_1_00
E00000146,2026-09-25T01:49:30.259,SIM,GOLDmicro,SIM|GOLDmicro|C000015,SIM|GOLDmicro|C000015|B,,CYCLE_END,GRID_ACTIVE,CLOSED,,0.0,0.0,0,realized this cycle +0.94,R-BASKET-TRIGGER,V1.68-EVIDENCE-MODEL-v1.0,,PAPER,T00000332,H_GROSS_1_00
E00000147,2026-09-25T01:49:30.259,SIM,GOLDmicro,SIM|GOLDmicro|C000015,SIM|GOLDmicro|C000015|B,,CYCLE_END,WAITING_FOR_ENTRY,WAITING_FOR_ENTRY,,0.0,0.0,0,all entries rejected — cycle abandoned,,V1.68-EVIDENCE-MODEL-v1.0,,PAPER,T00000333,
E00000148,2026-09-25T01:49:30.260,SIM,GOLDmicro,SIM|GOLDmicro|C000016,SIM|GOLDmicro|C000016|B,,CYCLE_OPEN,WAITING_FOR_ENTRY,BOTH_SIDES_ACTIVE,,0.0,0.0,0,,R-BOTH-SIDES,V1.68-EVIDENCE-MODEL-v1.0,E015,PAPER,T00000333,
E00000149,2026-09-25T01:49:30.260,SIM,GOLDmicro,SIM|GOLDmicro|C000016,SIM|GOLDmicro|C000016|B,P000103,ENTRY,BOTH_SIDES_ACTIVE,BOTH_SIDES_ACTIVE,BUY,0.1,4407.58,1,,R-BASE-LOT,V1.68-EVIDENCE-MODEL-v1.0,,PAPER,T00000333,
E00000150,2026-09-25T01:49:30.260,SIM,GOLDmicro,SIM|GOLDmicro|C000016,SIM|GOLDmicro|C000016|B,P000104,ENTRY,BOTH_SIDES_ACTIVE,BOTH_SIDES_ACTIVE,SELL,0.1,4407.08,1,,R-BASE-LOT,V1.68-EVIDENCE-MODEL-v1.0,,PAPER,T00000333,
E00000151,2026-09-25T01:49:30.261,SIM,GOLDmicro,SIM|GOLDmicro|C000016,SIM|GOLDmicro|C000016|B,P000105,GRID_ADD,GRID_ACTIVE,GRID_ACTIVE,BUY,0.11,4402.14,2,,R-GRID-DIRECTION,V1.68-EVIDENCE-MODEL-v1.0,,PAPER,T00000339,H_PREV_ENTRY
E00000152,2026-09-25T01:49:30.261,SIM,GOLDmicro,SIM|GOLDmicro|C000016,SIM|GOLDmicro|C000016|B,P000103,BASKET_CLOSE,CLOSING,CLOSING,BUY,0.1,4411.66,0,pl +0.41,R-BASKET-TRIGGER,V1.68-EVIDENCE-MODEL-v1.0,,PAPER,T00000350,H_GROSS_1_00
E00000153,2026-09-25T01:49:30.261,SIM,GOLDmicro,SIM|GOLDmicro|C000016,SIM|GOLDmicro|C000016|B,P000104,BASKET_CLOSE,CLOSING,CLOSING,SELL,0.1,4412.16,0,pl -0.51,R-BASKET-TRIGGER,V1.68-EVIDENCE-MODEL-v1.0,,PAPER,T00000350,H_GROSS_1_00
E00000154,2026-09-25T01:49:30.262,SIM,GOLDmicro,SIM|GOLDmicro|C000016,SIM|GOLDmicro|C000016|B,P000105,BASKET_CLOSE,CLOSING,CLOSING,BUY,0.11,4411.66,0,pl +1.05,R-BASKET-TRIGGER,V1.68-EVIDENCE-MODEL-v1.0,,PAPER,T00000350,H_GROSS_1_00
E00000155,2026-09-25T01:49:30.262,SIM,GOLDmicro,SIM|GOLDmicro|C000016,SIM|GOLDmicro|C000016|B,,CYCLE_END,GRID_ACTIVE,CLOSED,,0.0,0.0,0,realized this cycle +0.95,R-BASKET-TRIGGER,V1.68-EVIDENCE-MODEL-v1.0,,PAPER,T00000350,H_GROSS_1_00
E00000156,2026-09-25T01:49:30.262,SIM,GOLDmicro,SIM|GOLDmicro|C000016,SIM|GOLDmicro|C000016|B,,CYCLE_END,WAITING_FOR_ENTRY,WAITING_FOR_ENTRY,,0.0,0.0,0,all entries rejected — cycle abandoned,,V1.68-EVIDENCE-MODEL-v1.0,,PAPER,T00000351,
E00000157,2026-09-25T01:49:30.262,SIM,GOLDmicro,SIM|GOLDmicro|C000017,SIM|GOLDmicro|C000017|B,,CYCLE_OPEN,WAITING_FOR_ENTRY,BOTH_SIDES_ACTIVE,,0.0,0.0,0,,R-BOTH-SIDES,V1.68-EVIDENCE-MODEL-v1.0,E015,PAPER,T00000351,
E00000158,2026-09-25T01:49:30.263,SIM,GOLDmicro,SIM|GOLDmicro|C000017,SIM|GOLDmicro|C000017|B,P000109,ENTRY,BOTH_SIDES_ACTIVE,BOTH_SIDES_ACTIVE,BUY,0.1,4413.65,1,,R-BASE-LOT,V1.68-EVIDENCE-MODEL-v1.0,,PAPER,T00000351,
E00000159,2026-09-25T01:49:30.263,SIM,GOLDmicro,SIM|GOLDmicro|C000017,SIM|GOLDmicro|C000017|B,P000110,ENTRY,BOTH_SIDES_ACTIVE,BOTH_SIDES_ACTIVE,SELL,0.1,4413.15,1,,R-BASE-LOT,V1.68-EVIDENCE-MODEL-v1.0,,PAPER,T00000351,
E00000160,2026-09-25T01:49:30.264,SIM,GOLDmicro,SIM|GOLDmicro|C000017,SIM|GOLDmicro|C000017|B,P000111,GRID_ADD,GRID_ACTIVE,GRID_ACTIVE,SELL,0.11,4418.15,2,,R-GRID-DIRECTION,V1.68-EVIDENCE-MODEL-v1.0,,PAPER,T00000355,H_PREV_ENTRY
E00000161,2026-09-25T01:49:30.264,SIM,GOLDmicro,SIM|GOLDmicro|C000017,SIM|GOLDmicro|C000017|B,P000109,BASKET_CLOSE,CLOSING,CLOSING,BUY,0.1,4408.3,0,pl -0.54,R-BASKET-TRIGGER,V1.68-EVIDENCE-MODEL-v1.0,,PAPER,T00000370,H_GROSS_1_00
E00000162,2026-09-25T01:49:30.264,SIM,GOLDmicro,SIM|GOLDmicro|C000017,SIM|GOLDmicro|C000017|B,P000110,BASKET_CLOSE,CLOSING,CLOSING,SELL,0.1,4408.8,0,pl +0.43,R-BASKET-TRIGGER,V1.68-EVIDENCE-MODEL-v1.0,,PAPER,T00000370,H_GROSS_1_00
E00000163,2026-09-25T01:49:30.265,SIM,GOLDmicro,SIM|GOLDmicro|C000017,SIM|GOLDmicro|C000017|B,P000111,BASKET_CLOSE,CLOSING,CLOSING,SELL,0.11,4408.8,0,pl +1.03,R-BASKET-TRIGGER,V1.68-EVIDENCE-MODEL-v1.0,,PAPER,T00000370,H_GROSS_1_00
E00000164,2026-09-25T01:49:30.265,SIM,GOLDmicro,SIM|GOLDmicro|C000017,SIM|GOLDmicro|C000017|B,,CYCLE_END,GRID_ACTIVE,CLOSED,,0.0,0.0,0,realized this cycle +0.93,R-BASKET-TRIGGER,V1.68-EVIDENCE-MODEL-v1.0,,PAPER,T00000370,H_GROSS_1_00
E00000165,2026-09-25T01:49:30.266,SIM,GOLDmicro,SIM|GOLDmicro|C000017,SIM|GOLDmicro|C000017|B,,CYCLE_END,WAITING_FOR_ENTRY,WAITING_FOR_ENTRY,,0.0,0.0,0,all entries rejected — cycle abandoned,,V1.68-EVIDENCE-MODEL-v1.0,,PAPER,T00000371,
E00000166,2026-09-25T01:49:30.266,SIM,GOLDmicro,SIM|GOLDmicro|C000018,SIM|GOLDmicro|C000018|B,,CYCLE_OPEN,WAITING_FOR_ENTRY,BOTH_SIDES_ACTIVE,,0.0,0.0,0,,R-BOTH-SIDES,V1.68-EVIDENCE-MODEL-v1.0,E015,PAPER,T00000371,
E00000167,2026-09-25T01:49:30.266,SIM,GOLDmicro,SIM|GOLDmicro|C000018,SIM|GOLDmicro|C000018|B,P000115,ENTRY,BOTH_SIDES_ACTIVE,BOTH_SIDES_ACTIVE,BUY,0.1,4407.49,1,,R-BASE-LOT,V1.68-EVIDENCE-MODEL-v1.0,,PAPER,T00000371,
E00000168,2026-09-25T01:49:30.267,SIM,GOLDmicro,SIM|GOLDmicro|C000018,SIM|GOLDmicro|C000018|B,P000116,ENTRY,BOTH_SIDES_ACTIVE,BOTH_SIDES_ACTIVE,SELL,0.1,4406.99,1,,R-BASE-LOT,V1.68-EVIDENCE-MODEL-v1.0,,PAPER,T00000371,
E00000169,2026-09-25T01:49:30.267,SIM,GOLDmicro,SIM|GOLDmicro|C000018,SIM|GOLDmicro|C000018|B,P000117,GRID_ADD,GRID_ACTIVE,GRID_ACTIVE,SELL,0.11,4413.22,2,,R-GRID-DIRECTION,V1.68-EVIDENCE-MODEL-v1.0,,PAPER,T00000388,H_PREV_ENTRY
E00000170,2026-09-25T01:49:30.267,SIM,GOLDmicro,SIM|GOLDmicro|C000018,SIM|GOLDmicro|C000018|B,P000118,GRID_ADD,GRID_ACTIVE,GRID_ACTIVE,SELL,0.12,4418.3,3,,R-GRID-DIRECTION,V1.68-EVIDENCE-MODEL-v1.0,,PAPER,T00000392,H_PREV_ENTRY
